{"loss": 0.11728990823030472, "psnr": 31.704204559326172, "ssim": 0.8827100992202759}