{"loss": 0.14640554785728455, "psnr": 30.678882598876953, "ssim": 0.8535943627357483}